{"cameraMode":{"drawMode":0,"name":"Shaded","section":"Shading Mode"},"sceneLighting":true,"audioPlay":false,"sceneViewState":{"showFog":true,"showMaterialUpdate":true,"showSkybox":true,"showFlares":true,"showImageEffects":true,"showParticleSystems":true},"in2DMode":false,"pivot":{"x":-16.829999923706056,"y":1.440000057220459,"z":-10.960000038146973},"rotation":{"x":-0.032821208238601688,"y":0.7162137031555176,"z":0.03376016393303871,"w":0.6962946653366089},"size":4.548677444458008,"orthographic":false}