{"cameraMode":{"drawMode":0,"name":"Shaded","section":"Shading Mode"},"sceneLighting":true,"audioPlay":false,"sceneViewState":{"showFog":true,"showMaterialUpdate":false,"showSkybox":true,"showFlares":true,"showImageEffects":true,"showParticleSystems":true},"in2DMode":false,"pivot":{"x":20.646305084228517,"y":13.267544746398926,"z":-10.80294132232666},"rotation":{"x":0.06252998858690262,"y":0.4027033746242523,"z":-0.02758713625371456,"w":0.912775993347168},"size":44.720375061035159,"orthographic":true}